USERNAME,FIRSTNAME,LASTNAME,EMAILADDR
10,12,12,25
VARCHAR,VARCHAR,VARCHAR,VARCHAR
KAETHIS,MATT,MARTIN,KAETHIS@TASMANTIS.NET
JTURGEON,JULIA,TURGEON,JTURGEON@TASMANTIS.NET
FCARLACCI,FRANCO,CARLACCI,FRANCO@CARLACCI.COM
LFICOCELLI,LIBERO,FICOCELLI,LFICOCELLI@GPRC.AB.CA
DGREGG,DAVID,GREGG,DGREGG@GPRC.AB.CA
